ID,Name
CID000004138,ATIPAMEZOLE HYDROCHLORIDE
CID000002609,TETRAHYDROZOLINE HYDROCHLORIDE
CID000104741,MEPENZOLATE BROMIDE
CID000160051,ALMOND OIL
CID000004451,ESOMEPRAZOLE STRONTIUM
CID000003404,DOMPERIDONE
CID000002801,RIFABUTIN
CID000002153,"DIBASIC POTASSIUM PHOSPHATE; SODIUM CHLORIDE; SODIUM SULFIDE NONAHYDRATE; MAGNESIUM PHOSPHATE, DIBASIC TRIHYDRATE"
CID000002249,ABIRATERONE ACETATE
CID000002160,ALCOHOL
CID000005029,CARISOPRODOL
CID000005732,EDETATE CALCIUM DISODIUM ANHYDROUS
CID000002308,BAMBUTEROL
CID000005078,SODIUM CITRATE
CID000004740,PATIROMER SORBITEX CALCIUM
CID000005184,SKF-110679
CID000004845,ANTI-INTERLEUKIN-1.ALPHA. IMMUNOGLOBULIN G RABBIT; ANTI-INTERLEUKIN-1.ALPHA. IMMUNOGLOBULIN G RABBIT; METENKEFALIN; METENKEFALIN; BOS TAURUS HYPOTHALAMUS; BOS TAURUS HYPOTHALAMUS; SUS SCROFA HYPOTHALAMUS; SUS SCROFA HYPOTHALAMUS; BOS TAURUS LIMBIC SYSTEM; BOS TAURUS LIMBIC SYSTEM; SUS SCROFA LIMBIC SYSTEM; SUS SCROFA LIMBIC SYSTEM; BOS TAURUS NERVE; BOS TAURUS NERVE; SUS SCROFA NERVE; SUS SCROFA NERVE; BOS TAURUS PITUITARY GLAND; BOS TAURUS PITUITARY GLAND; SUS SCROFA PITUITARY GLAND; SUS SCROFA PITUITARY GLAND
CID000003249,GLYCINE; LEUCINE; ISOLEUCINE; VALINE; ARGININE; ALANINE; HISTIDINE; METHIONINE; ASPARTIC ACID; GLUTAMIC ACID; PHENYLALANINE; THREONINE; TRYPTOPHAN; TYROSINE; PROLINE; SERINE; LYSINE ACETATE
CID000003902,COPPER
CID000003348,LUBIPROSTONE
CID000004449,TILMICOSIN
CID000054454,HOMOSALATE; OCTISALATE; AVOBENZONE; PETROLATUM; OCTINOXATE
CID000001117,GLYCERYL MONOSTEARATE
CID000130881,NATALIZUMAB
CID000060865,TEDIZOLID PHOSPHATE
CID005381226,PLANTAGO MAJOR
CID000125017,MENTHA ARVENSIS LEAF OIL
CID000005391,"BERBERIS VULGARIS ROOT BARK; GLYCYRRHIZA GLABRA; ARCTIUM LAPPA ROOT; PHYTOLACCA AMERICANA ROOT; STILLINGIA SYLVATICA ROOT; TRIFOLIUM PRATENSE FLOWER; PORK LIVER; SUS SCROFA THYROID; ATROPA BELLADONNA; IRIDIUM; LYCOPODIUM CLAVATUM SPORE; NITRIC ACID; STRYCHNOS NUX-VOMICA SEED; PHOSPHORIC ACID; SELENIUM; ACETIC ACID; CORTICOTROPIN; BENZOIC ACID; BENZYL ALCOHOL; BORIC ACID; CHLORINE; CORTISONE ACETATE; EUGENOL; ESTRONE; ISOPROPYL PALMITATE; LACTIC ACID, DL-; PETROLATUM; PHENYLBUTAZONE; LEAD; POTASSIUM SORBATE; RESORCINOL; SALICYLIC ACID; SORBITOL; STEARYL ALCOHOL; XYLITOL"
CID000003148,AVENA SATIVA FLOWERING TOP; SELENICEREUS GRANDIFLORUS STEM; LOBELIA INFLATA; TOBACCO LEAF; GELSEMIUM SEMPERVIRENS ROOT; SELENIUM; DELPHINIUM STAPHISAGRIA SEED; VANADIUM
CID000027686,EMTRICITABINE
CID000005719,".BETA.-D-MANNOPYRANOSE 1,3,4,6-TETRA-O-ACETATE 2-O-TRIFLUOROMETHANESULFONATE"
CID000005717,DEXTROMETHORPHAN HYDROBROMIDE; GUAIFENESIN; PHENYLEPHRINE HYDROCHLORIDE
CID000003446,NETUPITANT
CID000005234,GOLDENSEAL; TARAXACUM OFFICINALE; BLACK COHOSH; GELSEMIUM SEMPERVIRENS ROOT; TOXICODENDRON PUBESCENS LEAF; CHOLESTEROL; CONIFERYL ALCOHOL; OCTOPAMINE; PHENYL ISOTHIOCYANATE; PHENYLALANINE; PROGESTERONE; SALSOLINOL; TAURINE; TYRAMINE; ACETYLCHOLINE CHLORIDE; EPINEPHRINE; .GAMMA.-AMINOBUTYRIC ACID; HISTAMINE DIHYDROCHLORIDE; NOREPINEPHRINE
CID000005978,DEXRAZOXANE
CID000003339,ESCHERICHIA COLI
CID000000598,DARUNAVIR HYDRATE
CID000003767,BISACODYL TANNEX
CID000003008,ACETALDEHYDE; CHOLESTEROL; DOPAMINE HYDROCHLORIDE; ESTRONE; HYDROCORTISONE; PETROSELINUM CRISPUM; PROGESTERONE; SUS SCROFA THYROID; ESTRADIOL; SOMATROPIN; ANDROSTERONE; ALDOSTERONE
CID000001206,EQUISETUM ARVENSE BRANCH
CID000003308,INDOMETHACIN SODIUM
CID000036811,SODIUM POLYSTYRENE SULFONATE
CID000060871,ACETYLCHOLINE CHLORIDE; EPINEPHRINE; CHOLESTEROL; DOPAMINE HYDROCHLORIDE; ESTRONE; LEVODOPA; MELATONIN; NOREPINEPHRINE; OCTOPAMINE HYDROCHLORIDE; SUS SCROFA OVARY; PHENYLALANINE; PROGESTERONE; SEROTONIN HYDROCHLORIDE; TAURINE; TESTOSTERONE; TRYPTOPHAN; TYRAMINE; INSULIN PORK
CID000104865,QUININE HYDROCHLORIDE
CID000002712,BISMUTH SUBNITRATE
CID000002732,PROLINE
CID000004205,NITROFURAZONE
CID000005512,CHLOROQUINE PHOSPHATE
CID000004601,CHOLECALCIFEROL
CID000003108,HUMAN COXSACKIEVIRUS B1; HUMAN COXSACKIEVIRUS B4
CID000003158,PALM OIL
CID000003393,TERGURIDE
CID000216239,CARBOPROST TROMETHAMINE
CID000060754,DIMETHICONE 410
CID000005002,LEVOCETIRIZINE HYDROCHLORIDE
CID000004419,STREPTOCOCCUS PNEUMONIAE TYPE 1 CAPSULAR POLYSACCHARIDE ANTIGEN; STREPTOCOCCUS PNEUMONIAE TYPE 2 CAPSULAR POLYSACCHARIDE ANTIGEN; STREPTOCOCCUS PNEUMONIAE TYPE 3 CAPSULAR POLYSACCHARIDE ANTIGEN; STREPTOCOCCUS PNEUMONIAE TYPE 4 CAPSULAR POLYSACCHARIDE ANTIGEN; STREPTOCOCCUS PNEUMONIAE TYPE 5 CAPSULAR POLYSACCHARIDE ANTIGEN; STREPTOCOCCUS PNEUMONIAE TYPE 6B CAPSULAR POLYSACCHARIDE ANTIGEN; STREPTOCOCCUS PNEUMONIAE TYPE 7F CAPSULAR POLYSACCHARIDE ANTIGEN; STREPTOCOCCUS PNEUMONIAE TYPE 8 CAPSULAR POLYSACCHARIDE ANTIGEN; STREPTOCOCCUS PNEUMONIAE TYPE 9N CAPSULAR POLYSACCHARIDE ANTIGEN; STREPTOCOCCUS PNEUMONIAE TYPE 9V CAPSULAR POLYSACCHARIDE ANTIGEN; STREPTOCOCCUS PNEUMONIAE TYPE 10A CAPSULAR POLYSACCHARIDE ANTIGEN; STREPTOCOCCUS PNEUMONIAE TYPE 11A CAPSULAR POLYSACCHARIDE ANTIGEN; STREPTOCOCCUS PNEUMONIAE TYPE 12F CAPSULAR POLYSACCHARIDE ANTIGEN; STREPTOCOCCUS PNEUMONIAE TYPE 14 CAPSULAR POLYSACCHARIDE ANTIGEN; STREPTOCOCCUS PNEUMONIAE TYPE 15B CAPSULAR POLYSACCHARIDE ANTIGEN; STREPTOCOCCUS PNEUMONIAE TYPE 17F CAPSULAR POLYSACCHARIDE ANTIGEN; STREPTOCOCCUS PNEUMONIAE TYPE 18C CAPSULAR POLYSACCHARIDE ANTIGEN; STREPTOCOCCUS PNEUMONIAE TYPE 19F CAPSULAR POLYSACCHARIDE ANTIGEN; STREPTOCOCCUS PNEUMONIAE TYPE 19A CAPSULAR POLYSACCHARIDE ANTIGEN; STREPTOCOCCUS PNEUMONIAE TYPE 20 CAPSULAR POLYSACCHARIDE ANTIGEN; STREPTOCOCCUS PNEUMONIAE TYPE 22F CAPSULAR POLYSACCHARIDE ANTIGEN; STREPTOCOCCUS PNEUMONIAE TYPE 23F CAPSULAR POLYSACCHARIDE ANTIGEN; STREPTOCOCCUS PNEUMONIAE TYPE 33F CAPSULAR POLYSACCHARIDE ANTIGEN
CID000002250,LAROTRECTINIB
CID000003419,IRON
CID000003672,BUTYLSCOPOLAMINE BROMIDE
CID000000772,PITAVASTATIN
CID000005514,SELANK
CID000068844,"METHAMPHETAMINE, DL-"
CID000003403,APIXABAN
CID004183806,ACETOHYDROXAMIC ACID
CID000003780,HYDRALAZINE HYDROCHLORIDE
CID000002284,PHENOXYETHANOL; SUNFLOWER SEED; MEDIUM-CHAIN TRIGLYCERIDES; ALPHA-TOCOPHEROL ACETATE
CID000000214,ALPRAZOLAM
CID000003869,HYDROXYUREA
CID000005291,ALPHA LIPOIC ACID
CID000004889,AMIFAMPRIDINE
CID000002720,AMIODARONE HYDROCHLORIDE
CID000147912,MERCURIC CHLORIDE
CID000004192,CYANOCOBALAMIN
CID005311181,".ALPHA.-TOCOPHEROL ACETATE, DL-"
CID000003793,TAZOBACTAM
CID000003016,PILOCARPINE NITRATE
CID000004170,TRYPTOPHAN
CID000071329,ARIPIPRAZOLE MONOHYDRATE
CID000002471,SULFINPYRAZONE
CID000000143,ACETAMINOPHEN; PHENYLEPHRINE; DEXTROMETHORPHAN HYDROBROMIDE; DOXYLAMINE SUCCINATE
CID000004873,BUSPIRONE HYDROCHLORIDE
CID000163742,CYCLOMETHICONE 5
CID000004171,TOPOTECAN
CID000002891,VITAMIN D
CID000039765,ARGATROBAN
CID000002786,RITUXIMAB
CID005311082,ACONITUM NAPELLUS; ARABICA COFFEE BEAN; CYPRIPEDIUM PARVIFOLUM ROOT; HYOSCYAMUS NIGER; ZINC
CID000110634,CHORIONIC GONADOTROPIN
CID000002955,MATRICARIA RECUTITA; HUMULUS LUPULUS WHOLE; PASSIFLORA INCARNATA TOP
CID000004513,SAXAGLIPTIN MONOHYDRATE
CID000213039,TETRACYCLINE HYDROCHLORIDE
CID000003152,SUCCIMER
CID000041693,SAXAGLIPTIN HYDROCHLORIDE DIHYDRATE
CID000005038,CANGRELOR TETRASODIUM
CID000005734,SUS SCROFA UMBILICAL CORD
CID000004264,INOSINE
CID000002462,TOLAZAMIDE
CID000003043,COLISTIMETHATE SODIUM
CID000004499,APOMORPHINE HYDROCHLORIDE
CID000004594,BENAZEPRIL HYDROCHLORIDE
CID000004211,ZINC CHLORIDE
CID000041781,BORAGO OFFICINALIS FLOWER
CID000005394,LACHESIS MUTA VENOM
CID000001302,"ACONITUM NAPELLUS; ANTIMONY POTASSIUM TARTRATE; ARSENIC TRIIODIDE; ATROPA BELLADONNA; BRYONIA ALBA ROOT; CAUSTICUM; PROTORTONIA CACTI; CUPRIC ACETATE; DROSERA ROTUNDIFOLIA; HYOSCYAMUS NIGER; IPECAC; WOOD CREOSOTE; LOBELIA INFLATA; PHOSPHORUS; DRIMIA MARITIMA BULB; LOBARIA PULMONARIA; SILICON DIOXIDE; ACTIVATED CHARCOAL; POTASSIUM CARBONATE; LACHESIS MUTA VENOM; HUMAN SPUTUM, BORDETELLA PERTUSSIS INFECTED; CLOSTRIDIUM TETANI"
CID000004736,2-DEOXYGLUCOSE
CID000016231,RAMUCIRUMAB
CID000004547,SULFUR
CID000002713,ARSENIC TRIOXIDE; BARIUM CARBONATE; BERBERIS VULGARIS ROOT BARK; BRYONIA ALBA ROOT; CALCIUM FLUORIDE; SILYBUM MARIANUM SEED; CHELIDONIUM MAJUS; CHOLESTEROL; BOS TAURUS BILE; PORK LIVER; IRIS VERSICOLOR ROOT; LYCOPUS VIRGINICUS; SUS SCROFA PANCREAS; SOLIDAGO VIRGAUREA FLOWERING TOP
CID000054374,WHITE WAX
CID000003478,PAPAVERINE HYDROCHLORIDE
CID000005035,ANTIMONY TRISULFIDE
CID000001690,SERINE; METHIONINE; LEUCINE; ISOLEUCINE; ARGININE; HISTIDINE; VALINE; THREONINE; GLYCINE; ALANINE; PROLINE
CID000003222,TRIAMCINOLONE ACETONIDE
CID000003168,MICONAZOLE
CID000005090,NICOTINE SALICYLATE
CID000003333,METHYLTESTOSTERONE
CID000003642,6-AMINOPENICILLANIC ACID
CID000047725,NIMESULIDE
CID000005095,CASTANOSPERMINE
CID000003825,THROMBIN ALFA
CID005311048,CETUXIMAB
CID000005544,METHENAMINE HIPPURATE
CID000002311,ECHINACEA ANGUSTIFOLIA; GELSEMIUM SEMPERVIRENS ROOT; IPECAC; ANEMONE PRATENSIS; BRYONIA ALBA ROOT; EUPHRASIA STRICTA; ACONITUM NAPELLUS; ONION; SAMBUCUS NIGRA FLOWERING TOP; MATRICARIA CHAMOMILLA
CID000002907,VILAZODONE HYDROCHLORIDE
CID000004893,CHELIDONIUM MAJUS; PULSATILLA VULGARIS; DIOSCOREA VILLOSA TUBER; SULFUR; CORTICOTROPIN; ADENOSINE CYCLIC PHOSPHATE; DELPHINIUM STAPHISAGRIA SEED; PACKERA AUREA; SUS SCROFA HYPOTHALAMUS; SUS SCROFA ADRENAL GLAND; SUS SCROFA PITUITARY GLAND; SUS SCROFA OVARY; CANIS LUPUS FAMILIARIS MILK
CID000156419,COCCIDIOIDES IMMITIS WHOLE
CID005311039,GLIMEPIRIDE
CID005362420,BERYLLIUM
CID000093860,SKIM MILK
CID000074989,CANAGLIFLOZIN
CID000005064,CORTISONE ACETATE
CID000004046,TASIMELTEON
CID000004999,DASOTRALINE HYDROCHLORIDE
CID000054808,SUS SCROFA THYROID; LEVOTHYROXINE; LIOTHYRONINE
CID000003746,ELOTUZUMAB
CID000004409,DIMETHICONE; MINERAL OIL
CID005481350,N-(1(S)-ETHOXYCARBONYL-3-PHENYLPROPYL)-L-ALANINE
CID000005735,DEXTROMETHORPHAN HYDROBROMIDE; ACETAMINOPHEN; DOXYLAMINE SUCCINATE; PHENYLEPHRINE HYDROCHLORIDE
CID000004666,CARBOXYMETHYLCELLULOSE SODIUM; GLYCERIN
CID004479097,CAPSICUM; PULSATILLA VULGARIS; SANGUINARIA CANADENSIS ROOT
CID000005212,COCCIDIOIDES POSADASII
CID000004917,LORCASERIN HYDROCHLORIDE
CID000005726,PILOCARPUS JABORANDII LEAF
CID000000942,"ESTROGENS, CONJUGATED SYNTHETIC B"
CID000060198,POLYETHYLENE GLYCOLS
CID000004614,"METHYL SALICYLATE; MENTHOL, UNSPECIFIED FORM"
CID000002800,NORTHERN QUAHOG
CID000004189,TENOFOVIR ALAFENAMIDE HEMIFUMARATE
CID000002265,HYDROCHLORIC ACID
CID000003652,LEUCINE
CID000005672,PHENYLEPHRINE
CID005311297,DEXKETOPROFEN TROMETHAMINE
CID000001071,ATOSIBAN
CID000004583,TRIMETHOPRIM
CID005487301,"PORK LIVER; BAMBUSA VULGARIS LEAF; BARLEY; ESCHSCHOLZIA CALIFORNICA; CORN; FLAX SEED; LEVANT COTTON SEED; MILLET; SORGHUM BICOLOR WHOLE; OAT; BROWN RICE; RYE; SAFFLOWER; SESAME SEED; SORGHUM; SOYBEAN; SUGARCANE; SUNFLOWER SEED; WHEAT; COFFEA ARABICA SEED, ROASTED; GREEN TEA LEAF; ACTIVATED CHARCOAL; FERROUS IODIDE; IRON; GELSEMIUM SEMPERVIRENS ROOT; IODINE; LYCOPODIUM CLAVATUM SPORE; PULSATILLA VULGARIS; SELENIUM; ZINC; ONION; ALMOND; CASHEW; BANANA; BEEF; BLACK WALNUT; BRAZIL NUT; CASEIN, LACTOCOCCUS LACTIS CULTURED; CHICKEN; COCONUT; PACIFIC COD; EGG; EGGPLANT; ENGLISH WALNUT; ALPINE STRAWBERRY; COW MILK; LAMB; LIMULUS POLYPHEMUS; TOMATO; MALUS DOMESTICA FLOWER; ORANGE; OYSTER, UNSPECIFIED; PEANUT; PECAN; BLACK PEPPER; BEAN; POTATO; PORK; SALMON, UNSPECIFIED; SHRIMP, UNSPECIFIED; TUNA, UNSPECIFIED; CORTISONE ACETATE; HISTAMINE DIHYDROCHLORIDE; HYALURONIDASE; INTERFERON .GAMMA. PORCINE RECOMBINANT; SEROTONIN HYDROCHLORIDE; COCOA"
CID000004159,JACOBAEA MARITIMA; CAUSTICUM; EUPHRASIA STRICTA; SILICON DIOXIDE; TRIBASIC CALCIUM PHOSPHATE; SEPIA OFFICINALIS JUICE; CALCIUM FLUORIDE
CID000003365,ERYTHROMYCIN LACTOBIONATE
CID000000853,CARIPRAZINE HYDROCHLORIDE
CID000005005,ACETAMINOPHEN; CHLORPHENIRAMINE MALEATE; PSEUDOEPHEDRINE HYDROCHLORIDE; DEXTROMETHORPHAN HYDROBROMIDE
CID000002477,BRENTUXIMAB VEDOTIN
CID000003928,PYRITHIONE ZINC
CID000131536,TESTOSTERONE PHENYLPROPIONATE
CID000003394,CYAMEMAZINE TARTRATE
CID000153941,ZINC OXIDE; TITANIUM DIOXIDE
CID000003826,NEOSTIGMINE METHYLSULFATE
CID000003516,NORETHINDRONE
CID000077999,ACETYLCARNITINE HYDROCHLORIDE
CID000054688,TESTOSTERONE TRIDECANOATE
CID000003763,CALCIUM POLYCARBOPHIL
CID000003261,PEUMUS BOLDUS LEAF; CHELIDONIUM MAJUS; TARAXACUM OFFICINALE; ARSENIC TRIOXIDE; BETA VULGARIS; COBALT; COPPER; IODINE; LYCOPODIUM CLAVATUM SPORE; PETROSELINUM CRISPUM; PHOSPHORIC ACID; SELENIUM; ZINC; ASPARTAME; BENZALKONIUM CHLORIDE; FORMALDEHYDE; METHYLENE CHLORIDE; METHYLPARABEN; PROPYLPARABEN; SODIUM BENZOATE; SODIUM CITRATE; TITANIUM DIOXIDE; ZINC OXIDE
CID000005746,MOXIDECTIN
CID000009052,POTASSIUM IODATE
CID000150610,MONOBENZONE
CID000019090,TRIPELENNAMINE HYDROCHLORIDE
CID000024486,TSUGA CANADENSIS BARK
CID000004075,PROPARACAINE HYDROCHLORIDE
CID000036339,ANTHRALIN
CID000005505,RICKETTSIA PROWAZEKII
CID000004885,TERAZOSIN HYDROCHLORIDE
CID000004609,PHYSOSTIGMINE SALICYLATE
CID000003003,ORIPAVINE
CID000002678,HOMOSALATE; OCTISALATE; OXYBENZONE; AVOBENZONE; OCTOCRYLENE
CID000060815,ALFALFA
CID000005376,AVOBENZONE; OCTOCRYLENE; OCTINOXATE; OXYBENZONE; OCTISALATE
CID000002802,IDARUBICIN HYDROCHLORIDE
CID000004585,ALLOPURINOL
CID000004543,LAMIVUDINE; ZIDOVUDINE
CID000003367,TURPENTINE OIL
CID000002749,EMTRICITABINE; RILPIVIRINE HYDROCHLORIDE; TENOFOVIR ALAFENAMIDE FUMARATE
CID003002190,LEVOTHYROXINE SODIUM
CID000004253,PHOSPHORIC ACID
CID000004946,FERRIC AMMONIUM CITRATE
CID000005379,RISEDRONATE SODIUM ANHYDROUS
CID006918453,ARNICA MONTANA; BELLIS PERENNIS; MATRICARIA CHAMOMILLA; IPECAC; LYCOPODIUM CLAVATUM SPORE
CID000004473,KETOCONAZOLE
CID000003823,LEAD ACETATE
CID000005210,SODIUM BROMIDE
CID000000453,IVACAFTOR; LUMACAFTOR
CID000002524,METOPROLOL SUCCINATE; HYDROCHLOROTHIAZIDE
CID000002806,CLADRIBINE
CID000151165,OXANDROLONE
CID000003883,ACETONE
CID000003075,ETIFOXINE HYDROCHLORIDE
CID000444013,DABRAFENIB MESYLATE
CID000002585,TULATHROMYCIN A
CID000002658,PANOBINOSTAT LACTATE
CID005353980,HORSERADISH; ECHINACEA ANGUSTIFOLIA; GOLDENSEAL; LOMATIUM DISSECTUM ROOT; TABEBUIA IMPETIGINOSA BARK; PORK LIVER; SUS SCROFA THYMUS; SUS SCROFA THYROID; ARNICA MONTANA; IRON; HYPERICUM PERFORATUM; IRIDIUM; NITRIC ACID; STRYCHNOS NUX-VOMICA SEED; PHOSPHORIC ACID; PHOSPHORUS; SELENIUM; ZINC
CID000012536,AMLODIPINE BESYLATE; BENAZEPRIL HYDROCHLORIDE
CID000002650,"RIBOSE, D-"
CID000001046,SELAMECTIN
CID000003325,TROLAMINE
CID000005372,NEOMYCIN SULFATE
CID000002895,RASAGILINE TARTRATE
CID000004536,PYRIDOXAL PHOSPHATE
CID000003675,PHENTERMINE HYDROCHLORIDE; TOPIRAMATE
CID000054841,CINNAMON
CID000056959,TOXOPLASMA GONDII DNA
CID000004463,TETRANDRINE
CID000003736,CUPRIC ARSENITE
CID000054547,BALSAM PERU
CID000005206,GATIFLOXACIN ANHYDROUS
CID004659568,ISOCARBOXAZID
CID000005533,SAFINAMIDE MESYLATE
CID000002541,AMPICILLIN
CID004475485,DEXMETHYLPHENIDATE
CID000004675,NORGESTREL
CID000000450,SEPIA OFFICINALIS JUICE
CID000004506,URIDINE 5'-TRIPHOSPHATE SODIUM
CID000004595,GILTERITINIB FUMARATE
CID005311027,METOPIMAZINE
CID000002771,LARIX DECIDUA RESIN
CID000004212,DASATINIB
CID000005426,SERTRALINE HYDROCHLORIDE
CID000005656,SULFAMETHOXAZOLE; TRIMETHOPRIM
CID005329102,CLINDAMYCIN PALMITATE HYDROCHLORIDE
CID000003957,OXYTETRACYCLINE
CID000056339,CHOLESTYRAMINE
CID000003706,TESTOSTERONE ENANTHATE
CID006398970,CALCIUM DOBESILATE
CID000002435,DIAZOLIDINYL UREA
CID000004679,BERBERIS VULGARIS ROOT BARK; HORSERADISH; ECHINACEA ANGUSTIFOLIA; GOLDENSEAL; LOMATIUM DISSECTUM ROOT; MYRRH; PROPOLIS WAX; TABEBUIA IMPETIGINOSA BARK; SUS SCROFA THYMUS; IRON; IRIDIUM; LYCOPODIUM CLAVATUM SPORE; PHOSPHORIC ACID; PULSATILLA VULGARIS; SELENIUM; ZINC; ALTERNARIA ALTERNATA; ASPERGILLUS NIGER VAR. NIGER; CANDIDA ALBICANS; CANDIDA PARAPSILOSIS; MUCOR RACEMOSUS; AUREOBASIDIUM PULLULANS VAR. PULLUTANS; RHIZOPUS STOLONIFER; SACCHAROMYCES CEREVISIAE
CID000003954,LOBELIA INFLATA
CID000119607,IDELALISIB
CID000002487,GALACTOSE
CID000002187,LEVOTHYROXINE SODIUM ANHYDROUS
CID000004158,NIFEDIPINE
CID000004943,SAMBUCUS NIGRA FLOWER
CID000004091,SCHOENOCAULON OFFICINALE SEED; PULSATILLA PRATENSIS; AMBROSIA ARTEMISIIFOLIA; LOBARIA PULMONARIA; EUPHRASIA STRICTA; WYETHIA HELENIOIDES ROOT; SOLANUM DULCAMARA STEM; STRYCHNOS NUX-VOMICA SEED; RANUNCULUS BULBOSUS; BLACK MUSTARD SEED; ARUNDO PLINIANA ROOT; ONION
CID000003690,TRIAMCINOLONE
CID000005647,"ATROPA BELLADONNA; BELLIS PERENNIS; BRYONIA ALBA ROOT; CALENDULA OFFICINALIS FLOWERING TOP; MATRICARIA RECUTITA; ECHINACEA, UNSPECIFIED; HAMAMELIS VIRGINIANA ROOT BARK/STEM BARK; HYPERICUM PERFORATUM; ACHILLEA MILLEFOLIUM; TOXICODENDRON PUBESCENS LEAF; ARNICA MONTANA; CALCIUM SULFIDE; ORNITHOGALUM UMBELLATUM FLOWERING TOP; HELIANTHEMUM NUMMULARIUM FLOWER; IMPATIENS GLANDULIFERA FLOWER; PRUNUS CERASIFERA FLOWER; CLEMATIS VITALBA FLOWER; ACTIVATED CHARCOAL"
CID000004509,ANDROSTENEDIONE
CID000002171,ACTAEA SPICATA ROOT
CID000002022,"ACETIC ACID; APIS MELLIFERA; ARSENIC TRIOXIDE; CANDIDA ALBICANS; CHIONANTHUS VIRGINICUS BARK; BOS TAURUS HYPOTHALAMUS; LACTIC ACID, DL-; SODIUM CHLORIDE; SODIUM SULFATE; PANCRELIPASE; PHOSPHORIC ACID"
CID000003961,ZILEUTON
CID000004052,"(1,2,4-TRIAZOL-4-YL) ITRACONAZOLE"
CID000004634,ANTIMONY
CID000003715,BUTORPHANOL TARTRATE
CID000000444,NERIUM OLEANDER LEAF
CID000004894,BUTYLATED HYDROXYTOLUENE
CID000005040,PRIMAQUINE PHOSPHATE
CID000003877,PITAVASTATIN CALCIUM
CID000001971,ZINC OXIDE
CID000004812,SOLANUM DULCAMARA WHOLE
CID000005253,LACOSAMIDE
CID000003385,LENVATINIB
CID000087177,PROCHLORPERAZINE
CID000003032,CLOFAZIMINE
CID005493381,QUERCUS RUBRA POLLEN
CID000003937,PYRIDOXINE DIPALMITATE
CID000003657,DIPHENHYDRAMINE HYDROCHLORIDE
CID000005152,ROPINIROLE HYDROCHLORIDE
CID000000596,ARTEMETHER
CID000004054,CHONDRUS CRISPUS; LAMINARIA DIGITATA; SUS SCROFA THYROID; CADMIUM IODIDE; IODINE; STRONTIUM CARBONATE; RADIUM BROMIDE
CID000004909,GOLD MONOIODIDE
CID000003310,MYO-INOSITOL TRISPYROPHOSPHATE
CID000005454,MINOXIDIL
CID000068740,LISINOPRIL
CID000003386,THIMEROSAL
CID000060854,CRENOLANIB BESYLATE
CID000003878,OPIUM
CID000002476,BENZTROPINE MESYLATE
CID000002522,TESAMORELIN ACETATE
CID000057537,PHENIRAMINE MALEATE
CID000003042,ATROPINE
CID000002474,AMOTOSALEN HYDROCHLORIDE
CID000071616,BENZHYDROCODONE HYDROCHLORIDE
CID000051263,".ALPHA.-TOCOPHEROL, DL-"
CID000002666,PREGNENOLONE
CID000002118,DONEPEZIL OXALATE
CID000003154,DIFLUPREDNATE
CID000005572,PHENTOLAMINE MESYLATE
CID000005523,TORSEMIDE
CID000032797,PEUMUS BOLDUS LEAF
CID000005267,ERTUGLIFLOZIN PIDOLATE; SITAGLIPTIN PHOSPHATE
CID000002162,DAPIPRAZOLE HYDROCHLORIDE
CID006398525,CONIVAPTAN
CID000004991,ISOMALT
CID005362070,DESMOPRESSIN
CID000004829,MILK THISTLE; CHELIDONIUM MAJUS; CHIONANTHUS VIRGINICUS BARK; NITROGLYCERIN; SODIUM SULFATE; STRYCHNOS NUX-VOMICA SEED; PODOPHYLLUM; SANGUINARIA CANADENSIS ROOT; TARAXACUM OFFICINALE; VERATRUM ALBUM ROOT
CID000004411,ISOXSUPRINE
CID000005408,TULOBUTEROL HYDROCHLORIDE
CID000002269,CARBON DISULFIDE
CID000042113,AMMI VISNAGA FRUIT
CID000002726,LYTTA VESICATORIA
CID000083786,STACHYS OFFICINALIS
CID000124087,PROPIOMAZINE MALEATE
CID000002578,AVOBENZONE; HOMOSALATE; PETROLATUM; OCTINOXATE; OCTISALATE
CID000004674,BETHANECHOL
CID000001775,METYRAPONE
CID000004497,FUCUS VESICULOSUS; CENTELLA ASIATICA; ALOE; MELISSA OFFICINALIS
CID000002764,PORFIMER SODIUM
CID000003198,AMPHOTERICIN B
CID000027661,CLOXACILLIN SODIUM
CID000004259,BELLIS PERENNIS
CID000003279,HYDROGEN CYANIDE
CID000000159,ATRACURIUM BESYLATE
CID000002656,SUCCINYLCHOLINE CHLORIDE DIHYDRATE
CID000060953,HAWTHORN LEAF WITH FLOWER
CID000004730,OSIMERTINIB MESYLATE
CID000000206,ASCORBYL GLUCOSIDE
CID000003962,OCTINOXATE; AVOBENZONE
CID000002719,LORLATINIB
CID000002576,POPULUS NIGRA WHOLE
CID000003639,RASAGILINE MESYLATE
CID005282044,URSODIOL
CID000003463,XYLAZINE
CID000003676,BARICITINIB
# STITCH 1,CARBIDOPA
CID000504578,DOXOFYLLINE
CID000667490,ACETYLCYSTEINE
CID000005039,NORGESTIMATE
CID000004920,EZOGABINE
CID000005538,LEVETIRACETAM
CID000003658,HYDROGEN PEROXIDE
CID000005650,INSULIN DEGLUDEC
CID005281007,TICAGRELOR
CID000002733,EMETINE
CID000009433,DESLORELIN
CID000002554,ATROPA BELLADONNA; BRYONIA ALBA ROOT; FERRUM PHOSPHORICUM; COLCHICUM AUTUMNALE BULB; IODINE; KALMIA LATIFOLIA LEAF; LYCOPODIUM CLAVATUM SPORE; TOXICODENDRON PUBESCENS LEAF; SPIGELIA; GOLD
CID000005203,NEPAFENAC
CID000657298,SERMORELIN ACETATE
CID000003379,SQUARIC ACID DIBUTYL ESTER
CID000004723,CHLORTETRACYCLINE BISULFATE
CID000005402,OXYCODONE HYDROCHLORIDE
CID000002088,OXALIC ACID
CID000003661,EFMOROCTOCOG ALFA
CID000003488,ARGININE; ORNITHINE; ZINC; CORTICOTROPIN; CALCIUM SULFIDE; INSULIN HUMAN; SUS SCROFA TESTICLE; PHOSPHORUS; SUS SCROFA PITUITARY GLAND
CID000002818,DULOXETINE HYDROCHLORIDE
CID000003062,SULINDAC
CID000000861,ELVITEGRAVIR
CID000001546,ARNICA MONTANA
CID000005584,ALUMINUM ZIRCONIUM OCTACHLOROHYDREX GLY
CID000005245,CEFAZOLIN
CID000154059,ACETAMINOPHEN; ASPIRIN; CAFFEINE
CID000003899,ROSIGLITAZONE CHOLINATE
CID000038904,OXANTEL PAMOATE
CID000057469,"BOS TAURUS ADRENAL GLAND; SUS SCROFA ADRENAL GLAND; .ALPHA.-KETOGLUTARIC ACID; .ALPHA.-KETOGLUTARIC ACID; .ALPHA.-LIPOIC ACID; .ALPHA.-LIPOIC ACID; BERBERIS VULGARIS ROOT; BERBERIS VULGARIS ROOT; ACTIVATED CHARCOAL; CENTAUREA BENEDICTA; CENTAUREA BENEDICTA; SILYBUM MARIANUM SEED; SILYBUM MARIANUM SEED; COLCHICUM AUTUMNALE BULB; COLCHICUM AUTUMNALE BULB; GALIUM APARINE; BINETRAKIN; BINETRAKIN; BEEF KIDNEY; BEEF KIDNEY; PORK KIDNEY; PORK KIDNEY; BEEF LIVER; BEEF LIVER; PORK LIVER; PORK LIVER; LYCOPODIUM CLAVATUM SPORE; BOS TAURUS LYMPH; BOS TAURUS LYMPH; SUS SCROFA LYMPH; SUS SCROFA LYMPH; BOS TAURUS MESENCHYME; BOS TAURUS MESENCHYME; SUS SCROFA MESENCHYME; SUS SCROFA MESENCHYME; STRYCHNOS NUX-VOMICA SEED; STRYCHNOS NUX-VOMICA SEED; TARAXACUM OFFICINALE; TARAXACUM OFFICINALE; BOS TAURUS THYMUS; BOS TAURUS THYMUS; SUS SCROFA THYMUS; SUS SCROFA THYMUS; THYROID, BOVINE; THYROID, PORCINE; BOS TAURUS TONSIL; BOS TAURUS TONSIL; SUS SCROFA TONSIL; SUS SCROFA TONSIL; ASCORBIC ACID"
CID000004201,IODIXANOL
CID000003476,GABAPENTIN
CID000077993,PARICALCITOL
CID000059708,IMEPITOIN
CID000005596,QUETIAPINE FUMARATE
CID000003911,BREXPIPRAZOLE
CID000003121,GEMCITABINE HYDROCHLORIDE
CID000004542,BENZORESORCINOL
CID000123606,MOLYBDENUM MO-99
CID000004173,NYSTATIN
CID000003734,LISDEXAMFETAMINE DIMESYLATE
CID000091270,METHOXSALEN
CID000060835,TRIPROLIDINE HYDROCHLORIDE
CID000005731,LEVONORGESTREL; ETHINYL ESTRADIOL
CID000003449,CHLORTETRACYCLINE HYDROCHLORIDE
CID000062924,PANTOPRAZOLE SODIUM
CID000003640,CANDESARTAN CILEXETIL; HYDROCHLOROTHIAZIDE
CID000125889,PRASUGREL HYDROCHLORIDE
CID000005530,BOTULINUM TOXIN TYPE A
CID000003255,GRANISETRON
CID000004900,BAPTISIA TINCTORIA ROOT
CID000005076,PHENELZINE SULFATE
CID000004911,CONIUM MACULATUM FLOWERING TOP; EUPHRASIA STRICTA; RUTA GRAVEOLENS FLOWERING TOP; POLYGALA SENEGA ROOT; VALERIAN; SODIUM CHLORIDE; PHYSOSTIGMA VENENOSUM SEED
CID000003648,DEMECARIUM BROMIDE
CID000004927,"LECITHIN, SOYBEAN"
CID000041774,TECOVIRIMAT MONOHYDRATE
CID000000815,DEXTROAMPHETAMINE SULFATE; DEXTROAMPHETAMINE SACCHARATE; AMPHETAMINE ASPARTATE MONOHYDRATE; AMPHETAMINE SULFATE
CID000002978,DIETHYLSTILBESTROL
CID000002676,METHENAMINE MANDELATE
CID000003345,TOXOPLASMA GONDII
CID000003161,N-ACETYL-.ALPHA.-D-GLUCOSAMINE
CID000004539,"THYROID, UNSPECIFIED"
CID000003890,MORPHINE
CID003081884,NORETHINDRONE ACETATE; ETHINYL ESTRADIOL
CID000005412,PHLEUM PRATENSE POLLEN
CID000005077,GELSEMIUM SEMPERVIRENS ROOT; NUTMEG; AVENA SATIVA FLOWERING TOP; ESCHSCHOLZIA CALIFORNICA; PASSIFLORA INCARNATA TOP; PIPER METHYSTICUM ROOT; VALERIAN; MATRICARIA CHAMOMILLA; ALFALFA
CID000002244,BARIUM SULFATE
CID000150311,SULCONAZOLE NITRATE
CID000064147,PROPANTHELINE BROMIDE
CID000060147,ORLISTAT
CID003468412,SULFACETAMIDE SODIUM
CID000004034,CEPHALEXIN
CID000000838,BEXAROTENE
CID000003440,PENTOSAN POLYSULFATE SODIUM
CID000005645,FENOLDOPAM MESYLATE
CID000170361,CYCLANDELATE
CID000004236,PALM KERNEL OIL
CID000005478,HYOSCYAMINE
CID000004200,ADENOSINE PHOSPHATE
CID000002812,EZETIMIBE; SIMVASTATIN
CID005281104,REGORAFENIB
CID000002951,MEDRONIC ACID
CID000176870,IMATINIB MESYLATE
CID000004599,HALOFUGINONE
CID000003510,PRUNUS CERASIFERA FLOWER; JUGLANS REGIA FLOWERING TOP; SALIX ALBA FLOWERING TOP; VITIS VINIFERA FLOWERING TOP; ULMUS PROCERA FLOWERING TWIG
CID000152945,ANEMONE PRATENSIS; TRIBASIC CALCIUM PHOSPHATE; MELISSA OFFICINALIS; ALFALFA; MATRICARIA CHAMOMILLA; ESCHSCHOLZIA CALIFORNICA; PASSIFLORA INCARNATA TOP; VALERIAN; SCUTELLARIA LATERIFLORA
CID000002909,LEVONORGESTREL BUTYRATE
CID000003559,ISOFLURANE
CID000004635,ISODODECANE
CID000002662,DEXMEDETOMIDINE HYDROCHLORIDE
CID000003305,GADOBUTROL
CID000010631,"SODIUM PHOSPHATE, DIBASIC"
CID000002617,NOVOBIOCIN
CID000004058,ALLIUM CEPA WHOLE; ARNICA MONTANA; DROSERA ROTUNDIFOLIA; FERRUM PHOSPHORICUM; ATROPA BELLADONNA
CID000001983,CEFTIOFUR HYDROCHLORIDE
CID000003958,MACITENTAN
CID000003410,GLUCOSAMINE SULFATE
CID000003066,PYRILAMINE MALEATE
CID000000271,PREDNISOLONE HEMISUCCINATE
CID000002142,AZITHROMYCIN MONOHYDRATE
CID000003730,LACTASE; SODIUM
CID000005496,PEANUT OIL
CID000072467,POTASSIUM PERMANGANATE
CID003085017,FLUTICASONE FUROATE
CID000004178,MEMANTINE HYDROCHLORIDE; DONEPEZIL HYDROCHLORIDE
CID000003157,VIOLA ODORATA
CID000002173,TYLOSIN
CID000005073,ALPINE STRAWBERRY
CID000004616,ENALAPRILAT
CID000005651,SAPROPTERIN DIHYDROCHLORIDE
CID005282226,SOMATROPIN
CID000002803,HALCINONIDE
CID000005155,FINAFLOXACIN
CID000003355,GRISEOFULVIN
CID000002267,ALUMINUM CHLOROHYDRATE
CID000000581,PHENOXYETHANOL
CID000123620,NITROFURANTOIN
CID000006691,MYCOPHENOLATE MOFETIL
CID000005472,ICOSAPENT ETHYL
CID000005358,MAGNESIUM CITRATE
CID000072054,FLUOROMETHOLONE
CID000002156,AGRIMONIA EUPATORIA; CALLUNA VULGARIS FLOWERING TOP; JUGLANS REGIA FLOWERING TOP; ULEX EUROPAEUS FLOWER; LONICERA CAPRIFOLIUM FLOWERING TOP
CID000003007,CREATINE MONOHYDRATE
CID000003350,CISAPRIDE
CID006447131,PRAMOXINE HYDROCHLORIDE
CID000443871,MANGANESE GLUCONATE DIHYDRATE
CID000003467,ACONITUM NAPELLUS; ARSENIC TRIOXIDE; BAPTISIA TINCTORIA ROOT; EUPATORIUM PERFOLIATUM FLOWERING TOP; GELSEMIUM SEMPERVIRENS ROOT; RANUNCULUS BULBOSUS
CID000065999,TYLOSIN TARTRATE
CID000065027,METHOTREXATE
CID000002083,ANTAZOLINE PHOSPHATE
CID000060852,RISPERIDONE
CID000002550,DEXTRAN 40
CID000000937,MEMANTINE
CID000002756,PYGEUM
CID000004510,LATANOPROST
CID000110635,GALPHIMIA GLAUCA FLOWERING TOP
CID000060831,FLUNISOLIDE ANHYDROUS
CID000508230,HAEMOPHILUS INFLUENZAE TYPE B CAPSULAR POLYSACCHARIDE MENINGOCOCCAL OUTER MEMBRANE PROTEIN CONJUGATE ANTIGEN
CID000001986,PENICILLIN G POTASSIUM
CID000002405,LUMATEPERONE TOSYLATE
STITCH 2,BENAZEPRIL
CID000000191,MESTRANOL
CID000003203,CANIS LUPUS FAMILIARIS MILK
CID000060795,CROMOLYN SODIUM
CID000004107,CALCIUM SACCHARATE
CID000003454,AVOBENZONE; OCTOCRYLENE
CID000004603,DIPHENHYDRAMINE HYDROCHLORIDE; ACETAMINOPHEN
CID000001065,DIOXYBENZONE
CID000003929,PENTETRAZOL
CID000005487,ARFORMOTEROL TARTRATE
CID000004485,BUROSUMAB
CID000003324,ACETAMINOPHEN; PYRILAMINE MALEATE; CAFFEINE
CID000003750,ESTRADIOL HEMIHYDRATE
CID000002631,OMBITASVIR; PARITAPREVIR; RITONAVIR
CID000004856,SUS SCROFA URETER
CID000002092,HYALURONIDASE
CID000005401,VERBASCUM THAPSUS
CID000034312,XYLAZINE HYDROCHLORIDE
CID000005578,GADOBENATE DIMEGLUMINE
CID000122316,TIOTROPIUM BROMIDE MONOHYDRATE
CID000003696,PIMECROLIMUS
CID005493444,HUMAN HERPESVIRUS 4
CID000004168,METHENAMINE; SODIUM SALICYLATE
CID000216326,SULFAMETHOXAZOLE
CID000003405,TRIPTORELIN ACETATE
CID000003143,ACETAMINOPHEN; DIPHENHYDRAMINE
CID000008953,DRONEDARONE
CID000005556,FOSAPREPITANT
CID000028112,EPIRUBICIN HYDROCHLORIDE
CID000004112,PATISIRAN
CID000001972,AMINOLEVULINIC ACID HYDROCHLORIDE
CID000060843,"EPINEPHRINE; ARNICA MONTANA; ASTERIAS RUBENS; BARIUM CHLORIDE DIHYDRATE; CALCIUM FLUORIDE; FERROSOFERRIC PHOSPHATE; GINKGO; POTASSIUM PHOSPHATE, DIBASIC; SODIUM SULFATE; STRYCHNOS NUX-VOMICA SEED; TOBACCO LEAF; VERATRUM VIRIDE ROOT"
CID000005195,TETRAFERRIC TRICITRATE DECAHYDRATE
CID000003749,AZITHROMYCIN DIHYDRATE
CID000004691,BEXAGLIFLOZIN
CID000002520,THYMALFASIN
CID000004044,PREDNISOLONE SODIUM PHOSPHATE
